asymmetric_interval_score_test_minus_val,band_mode,band_width_ic_test_minus_val,calibration_method,calibration_params,calibration_selection_score,candidate_id,checkpoint_path,coverage_abs_error_test_minus_val,decision,downside_width_ic_test_minus_val,elapsed_seconds,event_month_membership,failure_category,failure_reason,family,fold_event_profile,fold_id,fold_list,fold_seed_count,lower_breach_rate_test_minus_val,model,p90_band_width_test_minus_val,q_label,run_id,seed,seed_list,seq_len,split_diag,stage,status,test_asymmetric_interval_score,test_asymmetric_interval_score_mean,test_asymmetric_interval_score_std,test_asymmetric_interval_score_worst,test_band_width_ic,test_band_width_ic_mean,test_band_width_ic_std,test_band_width_ic_worst,test_coverage_abs_error,test_coverage_abs_error_mean,test_coverage_abs_error_std,test_coverage_abs_error_worst,test_downside_width_ic,test_downside_width_ic_mean,test_downside_width_ic_std,test_downside_width_ic_worst,test_falling_lower_breach_rate,test_high_vol_lower_breach_rate,test_low_vol_lower_breach_rate,test_lower_breach_abs_error,test_lower_breach_rate,test_lower_breach_rate_mean,test_lower_breach_rate_std,test_lower_breach_rate_worst,test_median_band_width,test_p90_band_width,test_p90_band_width_mean,test_p90_band_width_std,test_p90_band_width_worst,test_rising_lower_breach_rate,test_squeeze_breakout_rate,test_upper_breach_abs_error,test_upper_breach_rate,test_upper_breach_rate_mean,test_upper_breach_rate_std,test_upper_breach_rate_worst,test_used_for_selection,test_width_bucket_realized_vol_ratio,upper_breach_rate_test_minus_val,val_asymmetric_interval_score,val_band_width_ic,val_coverage_abs_error,val_downside_width_ic,val_falling_lower_breach_rate,val_high_vol_lower_breach_rate,val_low_vol_lower_breach_rate,val_lower_breach_abs_error,val_lower_breach_rate,val_median_band_width,val_p90_band_width,val_rising_lower_breach_rate,val_squeeze_breakout_rate,val_upper_breach_abs_error,val_upper_breach_rate,val_width_bucket_realized_vol_ratio
0.09372882544994354,param,0.019470367229384944,center_preserving_width_scale,"{""width_scale"": 0.9}",-0.23261256405553454,tcn_s104_q10q90_param,ai\artifacts\checkpoints\tcn_quantile_1W_tcn_quantile-1W-944286ec6a6c.pt,0.01837012767791757,,0.06304460659202074,61.815,"{""2024_12"": true, ""2025_04"": true, ""2026_02"": false}",,,tcn_quantile,"{""event_count_unit"": ""horizon_point"", ""test_event_counts"": {""lower_event_points"": 6541, ""total_event_points"": 10930, ""total_target_points"": 46280, ""upper_event_points"": 4389}, ""train_event_counts"": {""lower_event_points"": 55637, ""total_event_points"": 111274, ""total_target_points"": 556368, ""upper_event_points"": 55637}, ""train_quantile_high"": 0.08552836701273918, ""train_quantile_low"": -0.06983453705906867, ""val_event_counts"": {""lower_event_points"": 1675, ""total_event_points"": 3594, ""total_target_points"": 24912, ""upper_event_points"": 1919}}",fold_1,,,0.07173747569322586,tcn_quantile,-0.01223580539226532,q10_q90,tcn_quantile-1W-944286ec6a6c,42,,104,"{""excluded_tickers_for_fold_count"": 0, ""excluded_tickers_for_fold_sample_counts"": {}, ""fold"": {""fold_id"": ""fold_1"", ""test_end"": ""2025-05-01"", ""test_start"": ""2024-11-01"", ""train_end"": ""2024-05-01"", ""train_start"": ""2016-02-19"", ""val_end"": ""2024-11-01"", ""val_start"": ""2024-05-01""}, ""h_max_gap"": 12, ""overlap"": {""train_test"": 0, ""train_val"": 0, ""val_test"": 0}, ""test_samples"": 11570, ""train_samples"": 139092, ""val_samples"": 6228}",stage5_true_wf,PASS,0.32543709874153137,,,,0.34358447363058764,,,,0.06266205310821538,,,,0.14006797819109168,,,,0.26676237122107754,0.2582541054451167,0.018409680207433016,0.038331890106201166,0.13833189010620117,,,,0.13880109786987305,0.1897185891866684,,,,0.0037174721189591076,0.06354586035013199,0.024330163002014182,0.12433016300201416,,,,False,2.1129515444354716,0.03521648049354553,0.23170827329158783,0.3241141064012027,0.04429192543029781,0.07702337159907094,0.15105908584169453,0.1277296082209377,0.005459216441875401,0.033405585587024694,0.06659441441297531,0.14098688960075378,0.20195439457893372,0.002332485156912638,0.058629393577575684,0.01088631749153135,0.08911368250846863,2.0407250930137493
0.00022248923778533936,param,0.001748355736851781,raw,{},-0.1431722711140503,tcn_s104_q10q90_param,ai\artifacts\checkpoints\tcn_quantile_1W_tcn_quantile-1W-ab2b3c0732dc.pt,0.0289117693901062,,-0.09967839925756082,67.774,"{""2024_12"": false, ""2025_04"": false, ""2026_02"": false}",,,tcn_quantile,"{""event_count_unit"": ""horizon_point"", ""test_event_counts"": {""lower_event_points"": 3608, ""total_event_points"": 8047, ""total_target_points"": 48060, ""upper_event_points"": 4439}, ""train_event_counts"": {""lower_event_points"": 60264, ""total_event_points"": 120528, ""total_target_points"": 602640, ""upper_event_points"": 60264}, ""train_quantile_high"": 0.08469695970416065, ""train_quantile_low"": -0.06878716051578522, ""val_event_counts"": {""lower_event_points"": 2607, ""total_event_points"": 4673, ""total_target_points"": 24920, ""upper_event_points"": 2066}}",fold_2,,,-0.025478564202785492,tcn_quantile,0.009805172681808472,q10_q90,tcn_quantile-1W-ab2b3c0732dc,42,,104,"{""excluded_tickers_for_fold_count"": 0, ""excluded_tickers_for_fold_sample_counts"": {}, ""fold"": {""fold_id"": ""fold_2"", ""test_end"": ""2025-11-01"", ""test_start"": ""2025-05-01"", ""train_end"": ""2024-11-01"", ""train_start"": ""2016-02-19"", ""val_end"": ""2025-05-01"", ""val_start"": ""2024-11-01""}, ""h_max_gap"": 12, ""overlap"": {""train_test"": 0, ""train_val"": 0, ""val_test"": 0}, ""test_samples"": 12015, ""train_samples"": 150660, ""val_samples"": 6230}",stage5_true_wf,PASS,0.24978864192962646,,,,0.3280629926805023,,,,0.0454847931861877,,,,0.026185336493999966,,,,0.14472934472934473,0.12366844207723036,0.005701681371732978,0.035310028493404394,0.06468997150659561,,,,0.149478480219841,0.21411803364753723,,,,0.0022592592592592595,0.06153533607721329,0.010174779593944527,0.08982522040605545,,,,False,2.182426503908645,-0.0034332051873207092,0.24956615269184113,0.32631463694365054,0.0165730237960815,0.1258637357515608,0.18109339407744876,0.1727126805778491,0.007624398073836276,0.009831464290618902,0.0901685357093811,0.14716103672981262,0.20431286096572876,0.0016629711751662971,0.06709138303995132,0.006741574406623818,0.09325842559337616,1.9778048149046805
0.08650384843349457,param,0.03265928919284511,center_preserving_width_scale,"{""width_scale"": 0.9}",-0.19267492187308996,tcn_s104_q10q90_param,ai\artifacts\checkpoints\tcn_quantile_1W_tcn_quantile-1W-e0ea73bb9d40.pt,0.07949355840682992,,0.08149179016469615,73.471,"{""2024_12"": false, ""2025_04"": false, ""2026_02"": true}",,,tcn_quantile,"{""event_count_unit"": ""horizon_point"", ""test_event_counts"": {""lower_event_points"": 4861, ""total_event_points"": 10019, ""total_target_points"": 40940, ""upper_event_points"": 5158}, ""train_event_counts"": {""lower_event_points"": 64892, ""total_event_points"": 129784, ""total_target_points"": 648920, ""upper_event_points"": 64892}, ""train_quantile_high"": 0.08427113667130468, ""train_quantile_low"": -0.06829248368740082, ""val_event_counts"": {""lower_event_points"": 1562, ""total_event_points"": 4402, ""total_target_points"": 26700, ""upper_event_points"": 2840}}",fold_3,,,0.06060902029275894,tcn_quantile,0.00308246910572052,q10_q90,tcn_quantile-1W-e0ea73bb9d40,42,,104,"{""excluded_tickers_for_fold_count"": 0, ""excluded_tickers_for_fold_sample_counts"": {}, ""fold"": {""fold_id"": ""fold_3"", ""test_end"": ""2026-05-09"", ""test_start"": ""2025-11-01"", ""train_end"": ""2025-05-01"", ""train_start"": ""2016-02-19"", ""val_end"": ""2025-11-01"", ""val_start"": ""2025-05-01""}, ""h_max_gap"": 12, ""overlap"": {""train_test"": 0, ""train_val"": 0, ""val_test"": 0}, ""test_samples"": 10235, ""train_samples"": 162230, ""val_samples"": 6675}",stage5_true_wf,PASS,0.32989105582237244,,,,0.36796037076545757,,,,0.08514897823333745,,,,0.06179277342859632,,,,0.2871530886302596,0.23202422821414614,0.024379519249560288,0.028212019801139826,0.12821201980113983,,,,0.13244493305683136,0.19882337749004364,,,,0.005071961158314548,0.046425145119428635,0.05693698823451998,0.15693698823451996,,,,False,2.3978398384794533,0.030195415019989014,0.24338720738887787,0.33530108157261246,0.005655419826507524,-0.019699016736099837,0.17148760330578514,0.12312762133013781,0.012061732094695835,0.032397000491619116,0.06760299950838089,0.13244493305683136,0.19574090838432312,0.003749395258829221,0.0602230466902256,0.026741573214530967,0.12674157321453094,2.1685355251262752
0.0752156525850296,direct,0.039859456370727964,raw,{},-0.13553348814905727,cnn_s104_q10q90_direct,ai\artifacts\checkpoints\cnn_lstm_1W_cnn_lstm-1W-5647eeec18c6.pt,0.035627996921539395,,0.06601754298857222,178.957,"{""2024_12"": true, ""2025_04"": true, ""2026_02"": false}",,,cnn_lstm,"{""event_count_unit"": ""horizon_point"", ""test_event_counts"": {""lower_event_points"": 6541, ""total_event_points"": 10930, ""total_target_points"": 46280, ""upper_event_points"": 4389}, ""train_event_counts"": {""lower_event_points"": 55637, ""total_event_points"": 111274, ""total_target_points"": 556368, ""upper_event_points"": 55637}, ""train_quantile_high"": 0.08552836701273918, ""train_quantile_low"": -0.06983453705906867, ""val_event_counts"": {""lower_event_points"": 1675, ""total_event_points"": 3594, ""total_target_points"": 24912, ""upper_event_points"": 1919}}",fold_1,,,0.06741931289434433,cnn_lstm,0.03443393111228943,q10_q90,cnn_lstm-1W-5647eeec18c6,42,,104,"{""excluded_tickers_for_fold_count"": 0, ""excluded_tickers_for_fold_sample_counts"": {}, ""fold"": {""fold_id"": ""fold_1"", ""test_end"": ""2025-05-01"", ""test_start"": ""2024-11-01"", ""train_end"": ""2024-05-01"", ""train_start"": ""2016-02-19"", ""val_end"": ""2024-11-01"", ""val_start"": ""2024-05-01""}, ""h_max_gap"": 12, ""overlap"": {""train_test"": 0, ""train_val"": 0, ""val_test"": 0}, ""test_samples"": 11570, ""train_samples"": 139092, ""val_samples"": 6228}",stage5_true_wf,PASS,0.3050061762332916,,,,0.38324209006079557,,,,0.042869496345520064,,,,0.14639010064606187,,,,0.2762624556662726,0.25821089023336213,0.027398444252376836,0.04280466735363006,0.14280466735363007,,,,0.14036011695861816,0.23154684901237488,,,,0.0029208709506107276,0.0422428697347641,6.48215413093789e-05,0.10006482154130936,,,,False,2.4246194082361,-0.01730833202600479,0.22979052364826202,0.3433826336900676,0.0072414994239806685,0.08037255765748964,0.1715904868078781,0.1399325626204239,0.01083815028901734,0.02461464554071427,0.07538535445928574,0.13052675127983093,0.19711291790008545,0.002191122420130054,0.0495685338973999,0.01737315356731417,0.11737315356731415,2.1638700968127202
-0.0025721490383148193,direct,0.008151417804020622,lower_focused,"{""lower_scale"": 1.1, ""upper_scale"": 1.0}",-0.13693855411210246,cnn_s104_q10q90_direct,ai\artifacts\checkpoints\cnn_lstm_1W_cnn_lstm-1W-9f33ceaf7b54.pt,0.04196387529373169,,-0.10034520343621377,199.708,"{""2024_12"": false, ""2025_04"": false, ""2026_02"": false}",,,cnn_lstm,"{""event_count_unit"": ""horizon_point"", ""test_event_counts"": {""lower_event_points"": 3608, ""total_event_points"": 8047, ""total_target_points"": 48060, ""upper_event_points"": 4439}, ""train_event_counts"": {""lower_event_points"": 60264, ""total_event_points"": 120528, ""total_target_points"": 602640, ""upper_event_points"": 60264}, ""train_quantile_high"": 0.08469695970416065, ""train_quantile_low"": -0.06878716051578522, ""val_event_counts"": {""lower_event_points"": 2607, ""total_event_points"": 4673, ""total_target_points"": 24920, ""upper_event_points"": 2066}}",fold_2,,,-0.03316836059093475,cnn_lstm,0.012718692421913147,q10_q90,cnn_lstm-1W-9f33ceaf7b54,42,,104,"{""excluded_tickers_for_fold_count"": 0, ""excluded_tickers_for_fold_sample_counts"": {}, ""fold"": {""fold_id"": ""fold_2"", ""test_end"": ""2025-11-01"", ""test_start"": ""2025-05-01"", ""train_end"": ""2024-11-01"", ""train_start"": ""2016-02-19"", ""val_end"": ""2025-05-01"", ""val_start"": ""2024-11-01""}, ""h_max_gap"": 12, ""overlap"": {""train_test"": 0, ""train_val"": 0, ""val_test"": 0}, ""test_samples"": 12015, ""train_samples"": 150660, ""val_samples"": 6230}",stage5_true_wf,PASS,0.25342488288879395,,,,0.33282843057412104,,,,0.04689968824386592,,,,0.023264873006477088,,,,0.14629629629629629,0.11921604527296938,0.012110870650907275,0.03433208763599396,0.06566791236400604,,,,0.15873777866363525,0.23854494094848633,,,,0.002777777777777778,0.055451519787311554,0.012567622959613778,0.0874323770403862,,,,False,2.284192273700648,-0.00879555195569992,0.25599703192710876,0.3246770127701004,0.004935812950134233,0.12361007644269086,0.19695737064757565,0.1781701444622793,0.019502407704654896,0.0011637270450592097,0.0988362729549408,0.15131208300590515,0.22582624852657318,0.0033259423503325942,0.05718298628926277,0.003772071003913857,0.09622792899608612,2.0624089177988383
0.07965879142284393,direct,0.0075891618681039885,raw,{},-0.18009920009141042,cnn_s104_q10q90_direct,ai\artifacts\checkpoints\cnn_lstm_1W_cnn_lstm-1W-cb1caad13f1d.pt,0.06689623594284066,,0.08872854691592905,212.003,"{""2024_12"": false, ""2025_04"": false, ""2026_02"": true}",,,cnn_lstm,"{""event_count_unit"": ""horizon_point"", ""test_event_counts"": {""lower_event_points"": 4861, ""total_event_points"": 10019, ""total_target_points"": 40940, ""upper_event_points"": 5158}, ""train_event_counts"": {""lower_event_points"": 64892, ""total_event_points"": 129784, ""total_target_points"": 648920, ""upper_event_points"": 64892}, ""train_quantile_high"": 0.08427113667130468, ""train_quantile_low"": -0.06829248368740082, ""val_event_counts"": {""lower_event_points"": 1562, ""total_event_points"": 4402, ""total_target_points"": 26700, ""upper_event_points"": 2840}}",fold_3,,,0.058291807770729065,cnn_lstm,0.017045006155967712,q10_q90,cnn_lstm-1W-cb1caad13f1d,42,,104,"{""excluded_tickers_for_fold_count"": 0, ""excluded_tickers_for_fold_sample_counts"": {}, ""fold"": {""fold_id"": ""fold_3"", ""test_end"": ""2026-05-09"", ""test_start"": ""2025-11-01"", ""train_end"": ""2025-05-01"", ""train_start"": ""2016-02-19"", ""val_end"": ""2025-11-01"", ""val_start"": ""2025-05-01""}, ""h_max_gap"": 12, ""overlap"": {""train_test"": 0, ""train_val"": 0, ""val_test"": 0}, ""test_samples"": 10235, ""train_samples"": 162230, ""val_samples"": 6675}",stage5_true_wf,PASS,0.3229965567588806,,,,0.36383010880571076,,,,0.07281385660171513,,,,0.06762249807802752,,,,0.2822851387645479,0.21971473231731145,0.030633183505960525,0.025183194875717158,0.12518319487571716,,,,0.13714557886123657,0.2305120974779129,,,,0.0034680076296167853,0.04286761209368706,0.04763067662715914,0.14763067662715912,,,,False,2.381112259754599,0.020439669489860535,0.24333776533603668,0.3562409469376068,0.005917620658874467,-0.021106048837901535,0.1707005116096025,0.11900838825644099,0.014758765358106083,0.03310861289501191,0.0668913871049881,0.13478700816631317,0.2134670913219452,0.003084179970972424,0.05018726736307144,0.027191007137298606,0.12719100713729858,2.3053088645139845
0.07485842704772949,param,0.03584861236902798,symmetric_expand,"{""lower_scale"": 1.05, ""upper_scale"": 1.05}",-0.15199668469233796,tide_s104_q10q90_param,ai\artifacts\checkpoints\tide_1W_tide-1W-134c97baaa6c.pt,0.06887006759643555,,0.0730804901948323,55.949,"{""2024_12"": true, ""2025_04"": true, ""2026_02"": false}",,,tide,"{""event_count_unit"": ""horizon_point"", ""test_event_counts"": {""lower_event_points"": 6541, ""total_event_points"": 10930, ""total_target_points"": 46280, ""upper_event_points"": 4389}, ""train_event_counts"": {""lower_event_points"": 55637, ""total_event_points"": 111274, ""total_target_points"": 556368, ""upper_event_points"": 55637}, ""train_quantile_high"": 0.08552836701273918, ""train_quantile_low"": -0.06983453705906867, ""val_event_counts"": {""lower_event_points"": 1675, ""total_event_points"": 3594, ""total_target_points"": 24912, ""upper_event_points"": 1919}}",fold_1,,,0.04970154911279678,tide,0.009521737694740295,q10_q90,tide-1W-134c97baaa6c,42,,104,"{""excluded_tickers_for_fold_count"": 0, ""excluded_tickers_for_fold_sample_counts"": {}, ""fold"": {""fold_id"": ""fold_1"", ""test_end"": ""2025-05-01"", ""test_start"": ""2024-11-01"", ""train_end"": ""2024-05-01"", ""train_start"": ""2016-02-19"", ""val_end"": ""2024-11-01"", ""val_start"": ""2024-05-01""}, ""h_max_gap"": 12, ""overlap"": {""train_test"": 0, ""train_val"": 0, ""val_test"": 0}, ""test_samples"": 11570, ""train_samples"": 139092, ""val_samples"": 6228}",stage5_true_wf,PASS,0.3464759290218353,,,,0.3602260388782408,,,,0.06929557323455815,,,,0.14869700418987328,,,,0.28892923492653266,0.25842696629213485,0.04649956784788246,0.052463272213935846,0.15246327221393585,,,,0.14744314551353455,0.20792816579341888,,,,0.009426447158789167,0.05298507586121559,0.016832323372364066,0.11683232337236404,,,,False,2.24668558934647,0.01916854828596115,0.27161750197410583,0.3243774265092128,0.000425505638122603,0.07561651399504098,0.21228167967298403,0.1583975594091201,0.04712588310854207,0.002761723101139063,0.10276172310113907,0.14515724778175354,0.1984064280986786,0.019437376307605315,0.05636292323470116,0.0023362249135970847,0.0976637750864029,2.0601622871344993
-0.0024639368057250977,param,0.008077157551501069,symmetric_expand,"{""lower_scale"": 1.15, ""upper_scale"": 1.15}",-0.1833577689565525,tide_s104_q10q90_param,ai\artifacts\checkpoints\tide_1W_tide-1W-b1e32ef626b8.pt,0.03456687927246094,,-0.09321455256044381,64.091,"{""2024_12"": false, ""2025_04"": false, ""2026_02"": false}",,,tide,"{""event_count_unit"": ""horizon_point"", ""test_event_counts"": {""lower_event_points"": 3608, ""total_event_points"": 8047, ""total_target_points"": 48060, ""upper_event_points"": 4439}, ""train_event_counts"": {""lower_event_points"": 60264, ""total_event_points"": 120528, ""total_target_points"": 602640, ""upper_event_points"": 60264}, ""train_quantile_high"": 0.08469695970416065, ""train_quantile_low"": -0.06878716051578522, ""val_event_counts"": {""lower_event_points"": 2607, ""total_event_points"": 4673, ""total_target_points"": 24920, ""upper_event_points"": 2066}}",fold_2,,,-0.017015933990478516,tide,0.007228925824165344,q10_q90,tide-1W-b1e32ef626b8,42,,104,"{""excluded_tickers_for_fold_count"": 0, ""excluded_tickers_for_fold_sample_counts"": {}, ""fold"": {""fold_id"": ""fold_2"", ""test_end"": ""2025-11-01"", ""test_start"": ""2025-05-01"", ""train_end"": ""2024-11-01"", ""train_start"": ""2016-02-19"", ""val_end"": ""2025-05-01"", ""val_start"": ""2024-11-01""}, ""h_max_gap"": 12, ""overlap"": {""train_test"": 0, ""train_val"": 0, ""val_test"": 0}, ""test_samples"": 12015, ""train_samples"": 150660, ""val_samples"": 6230}",stage5_true_wf,PASS,0.2828420400619507,,,,0.32225930082613036,,,,0.04146898984909053,,,,0.03148585176706101,,,,0.19667616334283,0.15158954727030627,0.03595804894289995,0.006221389770507818,0.09377861022949219,,,,0.166611447930336,0.23495978116989136,,,,0.013518518518518518,0.05817815661430359,0.03524760752916334,0.06475239247083664,,,,False,2.1606093741450496,-0.01755097508430481,0.2853059768676758,0.3141821432746293,0.006902110576629594,0.12470040432750482,0.2182720468597462,0.19478330658105938,0.026805778491171748,0.010794544219970698,0.1107945442199707,0.16148534417152405,0.227730855345726,0.006176750079189104,0.06475377827882767,0.01769663244485853,0.08230336755514145,1.930275215689351
0.07357132434844971,param,0.032811020545291836,raw,{},-0.19981655484826133,tide_s104_q10q90_param,ai\artifacts\checkpoints\tide_1W_tide-1W-93371c3620e5.pt,0.0622715950012207,,0.07455029027434633,66.1,"{""2024_12"": false, ""2025_04"": false, ""2026_02"": true}",,,tide,"{""event_count_unit"": ""horizon_point"", ""test_event_counts"": {""lower_event_points"": 4861, ""total_event_points"": 10019, ""total_target_points"": 40940, ""upper_event_points"": 5158}, ""train_event_counts"": {""lower_event_points"": 64892, ""total_event_points"": 129784, ""total_target_points"": 648920, ""upper_event_points"": 64892}, ""train_quantile_high"": 0.08427113667130468, ""train_quantile_low"": -0.06829248368740082, ""val_event_counts"": {""lower_event_points"": 1562, ""total_event_points"": 4402, ""total_target_points"": 26700, ""upper_event_points"": 2840}}",fold_3,,,0.03673994541168213,tide,0.015596151351928711,q10_q90,tide-1W-93371c3620e5,42,,104,"{""excluded_tickers_for_fold_count"": 0, ""excluded_tickers_for_fold_sample_counts"": {}, ""fold"": {""fold_id"": ""fold_3"", ""test_end"": ""2026-05-09"", ""test_start"": ""2025-11-01"", ""train_end"": ""2025-05-01"", ""train_start"": ""2016-02-19"", ""val_end"": ""2025-11-01"", ""val_start"": ""2025-05-01""}, ""h_max_gap"": 12, ""overlap"": {""train_test"": 0, ""train_val"": 0, ""val_test"": 0}, ""test_samples"": 10235, ""train_samples"": 162230, ""val_samples"": 6675}",stage5_true_wf,PASS,0.3344542682170868,,,,0.35985552663594356,,,,0.0719345092773438,,,,0.057182115211410756,,,,0.24960832587287377,0.19670769831965612,0.03038889974594489,0.013556422293186182,0.11355642229318619,,,,0.1426333785057068,0.20753031969070435,,,,0.008149817929599444,0.04148421436548233,0.058378109335899375,0.15837810933589935,,,,False,2.3739949709251476,0.025531664490699768,0.2608829438686371,0.3270445060906517,0.009662914276123091,-0.017368175062935576,0.18841007477371113,0.12702216896345117,0.026595744680851064,0.023183523118495947,0.07681647688150406,0.13824500143527985,0.19193416833877563,0.00822447992259313,0.05554516613483429,0.03284644484519961,0.13284644484519958,2.132456075674316
0.0926373153924942,param,0.01848315845190812,center_preserving_width_scale,"{""width_scale"": 0.9}",-0.25685970223162763,tcn_s104_q10q90_param,ai\artifacts\checkpoints\tcn_quantile_1W_tcn_quantile-1W-53c0eefd12ec.pt,-0.001851642131805331,,0.062221742331558125,58.857,"{""2024_12"": true, ""2025_04"": true, ""2026_02"": false}",,,tcn_quantile,"{""event_count_unit"": ""horizon_point"", ""test_event_counts"": {""lower_event_points"": 6541, ""total_event_points"": 10930, ""total_target_points"": 46280, ""upper_event_points"": 4389}, ""train_event_counts"": {""lower_event_points"": 55637, ""total_event_points"": 111274, ""total_target_points"": 556368, ""upper_event_points"": 55637}, ""train_quantile_high"": 0.08552836701273918, ""train_quantile_low"": -0.06983453705906867, ""val_event_counts"": {""lower_event_points"": 1675, ""total_event_points"": 3594, ""total_target_points"": 24912, ""upper_event_points"": 1919}}",fold_1,,,0.07394696772098541,tcn_quantile,-0.009393766522407532,q10_q90,tcn_quantile-1W-53c0eefd12ec,7,,104,"{""excluded_tickers_for_fold_count"": 0, ""excluded_tickers_for_fold_sample_counts"": {}, ""fold"": {""fold_id"": ""fold_1"", ""test_end"": ""2025-05-01"", ""test_start"": ""2024-11-01"", ""train_end"": ""2024-05-01"", ""train_start"": ""2016-02-19"", ""val_end"": ""2024-11-01"", ""val_start"": ""2024-05-01""}, ""h_max_gap"": 12, ""overlap"": {""train_test"": 0, ""train_val"": 0, ""val_test"": 0}, ""test_samples"": 11570, ""train_samples"": 139092, ""val_samples"": 6228}",stage5_true_wf,PASS,0.3253902792930603,,,,0.3483634494216676,,,,0.052636134624481246,,,,0.13833364135668225,,,,0.275080222935315,0.26356957649092483,0.021607605877268798,0.042588585615158076,0.14258858561515808,,,,0.145462304353714,0.19574092328548431,,,,0.0037174721189591076,0.06324382871389389,0.010047534108161948,0.11004753410816193,,,,False,2.2136614184690537,0.03317695111036301,0.2327529639005661,0.32988029096975946,0.05448777675628658,0.07611189902512412,0.15598290598290598,0.13021836865767503,0.007064868336544637,0.03135838210582734,0.06864161789417267,0.14775300025939941,0.20513468980789185,0.002191122420130054,0.0595514290034771,0.023129417002201058,0.07687058299779892,2.0903074363957814
-0.004320025444030762,param,0.005250285122485765,center_preserving_width_scale,"{""width_scale"": 0.9}",-0.14796581180200263,tcn_s104_q10q90_param,ai\artifacts\checkpoints\tcn_quantile_1W_tcn_quantile-1W-45ad95fbca67.pt,0.010892653465270907,,-0.09410064406318604,63.98,"{""2024_12"": false, ""2025_04"": false, ""2026_02"": false}",,,tcn_quantile,"{""event_count_unit"": ""horizon_point"", ""test_event_counts"": {""lower_event_points"": 3608, ""total_event_points"": 8047, ""total_target_points"": 48060, ""upper_event_points"": 4439}, ""train_event_counts"": {""lower_event_points"": 60264, ""total_event_points"": 120528, ""total_target_points"": 602640, ""upper_event_points"": 60264}, ""train_quantile_high"": 0.08469695970416065, ""train_quantile_low"": -0.06878716051578522, ""val_event_counts"": {""lower_event_points"": 2607, ""total_event_points"": 4673, ""total_target_points"": 24920, ""upper_event_points"": 2066}}",fold_2,,,-0.031103983521461487,tcn_quantile,0.009104803204536438,q10_q90,tcn_quantile-1W-45ad95fbca67,7,,104,"{""excluded_tickers_for_fold_count"": 0, ""excluded_tickers_for_fold_sample_counts"": {}, ""fold"": {""fold_id"": ""fold_2"", ""test_end"": ""2025-11-01"", ""test_start"": ""2025-05-01"", ""train_end"": ""2024-11-01"", ""train_start"": ""2016-02-19"", ""val_end"": ""2025-05-01"", ""val_start"": ""2024-11-01""}, ""h_max_gap"": 12, ""overlap"": {""train_test"": 0, ""train_val"": 0, ""val_test"": 0}, ""test_samples"": 12015, ""train_samples"": 150660, ""val_samples"": 6230}",stage5_true_wf,PASS,0.2525354325771332,,,,0.3325049701808485,,,,0.022971284389495805,,,,0.027834199649483127,,,,0.17559354226020893,0.14771970705725698,0.010446146162810055,0.02091136425733567,0.07908863574266434,,,,0.14098688960075378,0.19882339239120483,,,,0.0038148148148148147,0.06323257088661194,0.0020599275827407615,0.09794007241725922,,,,False,2.2414400285688876,-0.003945961594581604,0.25685545802116394,0.32725468505836275,0.012078630924224898,0.12193484371266916,0.2202245362837618,0.2068218298555377,0.013563402889245586,0.010192619264125818,0.11019261926412582,0.14098688960075378,0.1897185891866684,0.003088375039594552,0.06973209232091904,0.0018860340118408425,0.10188603401184082,2.036564122980426
0.08414328098297119,param,0.03064535870785734,center_preserving_width_scale,"{""width_scale"": 0.9}",-0.20843116402634534,tcn_s104_q10q90_param,ai\artifacts\checkpoints\tcn_quantile_1W_tcn_quantile-1W-918029866014.pt,0.051760292053222745,,0.09054550139862716,67.587,"{""2024_12"": false, ""2025_04"": false, ""2026_02"": true}",,,tcn_quantile,"{""event_count_unit"": ""horizon_point"", ""test_event_counts"": {""lower_event_points"": 4861, ""total_event_points"": 10019, ""total_target_points"": 40940, ""upper_event_points"": 5158}, ""train_event_counts"": {""lower_event_points"": 64892, ""total_event_points"": 129784, ""total_target_points"": 648920, ""upper_event_points"": 64892}, ""train_quantile_high"": 0.08427113667130468, ""train_quantile_low"": -0.06829248368740082, ""val_event_counts"": {""lower_event_points"": 1562, ""total_event_points"": 4402, ""total_target_points"": 26700, ""upper_event_points"": 2840}}",fold_3,,,0.05905389040708542,tcn_quantile,0.006410732865333557,q10_q90,tcn_quantile-1W-918029866014,7,,104,"{""excluded_tickers_for_fold_count"": 0, ""excluded_tickers_for_fold_sample_counts"": {}, ""fold"": {""fold_id"": ""fold_3"", ""test_end"": ""2026-05-09"", ""test_start"": ""2025-11-01"", ""train_end"": ""2025-05-01"", ""train_start"": ""2016-02-19"", ""val_end"": ""2025-11-01"", ""val_start"": ""2025-05-01""}, ""h_max_gap"": 12, ""overlap"": {""train_test"": 0, ""train_val"": 0, ""val_test"": 0}, ""test_samples"": 10235, ""train_samples"": 162230, ""val_samples"": 6675}",stage5_true_wf,PASS,0.3256770670413971,,,,0.3737592381882809,,,,0.07134829759597783,,,,0.06768002904333643,,,,0.28726499552372425,0.23104728409534975,0.025991792065663474,0.028529548645019526,0.12852954864501953,,,,0.13880109786987305,0.20836512744426727,,,,0.005548812207386856,0.04183947294950485,0.04281876385211947,0.14281876385211945,,,,False,2.4430204737186334,0.03188243508338928,0.2415337860584259,0.34311387948042354,0.019588005542755083,-0.02286547235529073,0.17591499409681227,0.12514979029358897,0.013784836679652383,0.030524341762065893,0.06947565823793411,0.13880109786987305,0.20195439457893372,0.004051765844218675,0.058953169733285904,0.010936328768730186,0.11093632876873016,2.2699394122164263
0.0764492005109787,direct,0.04705741041311162,center_preserving_width_scale,"{""width_scale"": 0.9}",-0.1794491690973019,cnn_s104_q10q90_direct,ai\artifacts\checkpoints\cnn_lstm_1W_cnn_lstm-1W-7aaaabba20c4.pt,0.05926555395126343,,0.06261111600367056,174.724,"{""2024_12"": true, ""2025_04"": true, ""2026_02"": false}",,,cnn_lstm,"{""event_count_unit"": ""horizon_point"", ""test_event_counts"": {""lower_event_points"": 6541, ""total_event_points"": 10930, ""total_target_points"": 46280, ""upper_event_points"": 4389}, ""train_event_counts"": {""lower_event_points"": 55637, ""total_event_points"": 111274, ""total_target_points"": 556368, ""upper_event_points"": 55637}, ""train_quantile_high"": 0.08552836701273918, ""train_quantile_low"": -0.06983453705906867, ""val_event_counts"": {""lower_event_points"": 1675, ""total_event_points"": 3594, ""total_target_points"": 24912, ""upper_event_points"": 1919}}",fold_1,,,0.07152321934700012,cnn_lstm,0.018160030245780945,q10_q90,cnn_lstm-1W-7aaaabba20c4,7,,104,"{""excluded_tickers_for_fold_count"": 0, ""excluded_tickers_for_fold_sample_counts"": {}, ""fold"": {""fold_id"": ""fold_1"", ""test_end"": ""2025-05-01"", ""test_start"": ""2024-11-01"", ""train_end"": ""2024-05-01"", ""train_start"": ""2016-02-19"", ""val_end"": ""2024-11-01"", ""val_start"": ""2024-05-01""}, ""h_max_gap"": 12, ""overlap"": {""train_test"": 0, ""train_val"": 0, ""val_test"": 0}, ""test_samples"": 11570, ""train_samples"": 139092, ""val_samples"": 6228}",stage5_true_wf,PASS,0.30859842896461487,,,,0.38798006545228186,,,,0.07394121885299687,,,,0.14852645995886096,,,,0.27419354838709675,0.2589023336214347,0.025280898876404494,0.04209161698818206,0.14209161698818207,,,,0.13415300846099854,0.21021458506584167,,,,0.00362896087803151,0.04191875457763672,0.031849616765975974,0.13184961676597595,,,,False,2.470899651057629,-0.012257635593414307,0.23214922845363617,0.34092265503917024,0.014675664901733443,0.0859153439551904,0.16007060572277965,0.1323859987154785,0.008750802825947335,0.02943160235881806,0.07056839764118195,0.1262456476688385,0.19205455482006073,0.002473847893695222,0.048364438116550446,0.04410725235939028,0.14410725235939026,2.179242302301269
-0.005605071783065796,direct,0.026470497044938868,raw,{},-0.11502941855102491,cnn_s104_q10q90_direct,ai\artifacts\checkpoints\cnn_lstm_1W_cnn_lstm-1W-88ae161261b1.pt,0.03883686065673819,,-0.10602080163477225,188.075,"{""2024_12"": false, ""2025_04"": false, ""2026_02"": false}",,,cnn_lstm,"{""event_count_unit"": ""horizon_point"", ""test_event_counts"": {""lower_event_points"": 3608, ""total_event_points"": 8047, ""total_target_points"": 48060, ""upper_event_points"": 4439}, ""train_event_counts"": {""lower_event_points"": 60264, ""total_event_points"": 120528, ""total_target_points"": 602640, ""upper_event_points"": 60264}, ""train_quantile_high"": 0.08469695970416065, ""train_quantile_low"": -0.06878716051578522, ""val_event_counts"": {""lower_event_points"": 2607, ""total_event_points"": 4673, ""total_target_points"": 24920, ""upper_event_points"": 2066}}",fold_2,,,-0.03406010568141937,cnn_lstm,0.010826632380485535,q10_q90,cnn_lstm-1W-88ae161261b1,7,,104,"{""excluded_tickers_for_fold_count"": 0, ""excluded_tickers_for_fold_sample_counts"": {}, ""fold"": {""fold_id"": ""fold_2"", ""test_end"": ""2025-11-01"", ""test_start"": ""2025-05-01"", ""train_end"": ""2024-11-01"", ""train_start"": ""2016-02-19"", ""val_end"": ""2025-05-01"", ""val_start"": ""2024-11-01""}, ""h_max_gap"": 12, ""overlap"": {""train_test"": 0, ""train_val"": 0, ""val_test"": 0}, ""test_samples"": 12015, ""train_samples"": 150660, ""val_samples"": 6230}",stage5_true_wf,PASS,0.25336357951164246,,,,0.34312879697386667,,,,0.04080314636230464,,,,0.01973630242586526,,,,0.1537037037037037,0.12878661784287618,0.008781421674712835,0.031210987269878393,0.06878901273012161,,,,0.15274678170681,0.23553155362606049,,,,0.0025555555555555557,0.04775280877947807,0.009592173993587472,0.0904078260064125,,,,False,2.3164961952593783,-0.008709348738193512,0.25896865129470825,0.3166582999289278,0.0019662857055664507,0.1257571040606375,0.2058249267816466,0.18868378812199038,0.017014446227929372,0.0028491184115409796,0.10284911841154099,0.14600855112075806,0.22470492124557495,0.002613240418118467,0.060192614793777466,0.0008828252553939597,0.09911717474460602,1.972119993225358
0.08476696908473969,direct,0.00845133919454244,center_preserving_width_scale,"{""width_scale"": 0.9}",-0.2179280887896815,cnn_s104_q10q90_direct,ai\artifacts\checkpoints\cnn_lstm_1W_cnn_lstm-1W-8c83a9501685.pt,0.08154374361038208,,0.09698171588825515,204.084,"{""2024_12"": false, ""2025_04"": false, ""2026_02"": true}",,,cnn_lstm,"{""event_count_unit"": ""horizon_point"", ""test_event_counts"": {""lower_event_points"": 4861, ""total_event_points"": 10019, ""total_target_points"": 40940, ""upper_event_points"": 5158}, ""train_event_counts"": {""lower_event_points"": 64892, ""total_event_points"": 129784, ""total_target_points"": 648920, ""upper_event_points"": 64892}, ""train_quantile_high"": 0.08427113667130468, ""train_quantile_low"": -0.06829248368740082, ""val_event_counts"": {""lower_event_points"": 1562, ""total_event_points"": 4402, ""total_target_points"": 26700, ""upper_event_points"": 2840}}",fold_3,,,0.06142973154783249,cnn_lstm,0.009376659989356995,q10_q90,cnn_lstm-1W-8c83a9501685,7,,104,"{""excluded_tickers_for_fold_count"": 0, ""excluded_tickers_for_fold_sample_counts"": {}, ""fold"": {""fold_id"": ""fold_3"", ""test_end"": ""2026-05-09"", ""test_start"": ""2025-11-01"", ""train_end"": ""2025-05-01"", ""train_start"": ""2016-02-19"", ""val_end"": ""2025-11-01"", ""val_start"": ""2025-05-01""}, ""h_max_gap"": 12, ""overlap"": {""train_test"": 0, ""train_val"": 0, ""val_test"": 0}, ""test_samples"": 10235, ""train_samples"": 162230, ""val_samples"": 6675}",stage5_true_wf,PASS,0.331053227186203,,,,0.3678714926213055,,,,0.09851001501083378,,,,0.06887745644732059,,,,0.3004700089525515,0.23495506057053536,0.03297830760211061,0.033976548910140986,0.133976548910141,,,,0.1295301616191864,0.21202850341796875,,,,0.0049852609675741285,0.040791403502225876,0.06453346610069277,0.16453346610069275,,,,False,2.397165703845204,0.0201139897108078,0.24628625810146332,0.35942015342676303,0.016966271400451705,-0.028104259440934563,0.18358913813459268,0.12792091072498502,0.017156128258915194,0.027453182637691503,0.0725468173623085,0.12844011187553406,0.20265184342861176,0.004293662312530237,0.04681647941470146,0.04441947638988497,0.14441947638988495,2.3264882798448996
0.0871683657169342,param,0.04023500339526176,raw,{},-0.15940425121682747,tide_s104_q10q90_param,ai\artifacts\checkpoints\tide_1W_tide-1W-f21fe81328df.pt,0.07640979290008554,,0.07034002381035989,55.655,"{""2024_12"": true, ""2025_04"": true, ""2026_02"": false}",,,tide,"{""event_count_unit"": ""horizon_point"", ""test_event_counts"": {""lower_event_points"": 6541, ""total_event_points"": 10930, ""total_target_points"": 46280, ""upper_event_points"": 4389}, ""train_event_counts"": {""lower_event_points"": 55637, ""total_event_points"": 111274, ""total_target_points"": 556368, ""upper_event_points"": 55637}, ""train_quantile_high"": 0.08552836701273918, ""train_quantile_low"": -0.06983453705906867, ""val_event_counts"": {""lower_event_points"": 1675, ""total_event_points"": 3594, ""total_target_points"": 24912, ""upper_event_points"": 1919}}",fold_1,,,0.05746743083000183,tide,0.012378692626953125,q10_q90,tide-1W-f21fe81328df,7,,104,"{""excluded_tickers_for_fold_count"": 0, ""excluded_tickers_for_fold_sample_counts"": {}, ""fold"": {""fold_id"": ""fold_1"", ""test_end"": ""2025-05-01"", ""test_start"": ""2024-11-01"", ""train_end"": ""2024-05-01"", ""train_start"": ""2016-02-19"", ""val_end"": ""2024-11-01"", ""val_start"": ""2024-05-01""}, ""h_max_gap"": 12, ""overlap"": {""train_test"": 0, ""train_val"": 0, ""val_test"": 0}, ""test_samples"": 11570, ""train_samples"": 139092, ""val_samples"": 6228}",stage5_true_wf,PASS,0.34737032651901245,,,,0.35749557474298693,,,,0.07726882696151738,,,,0.1386151059386396,,,,0.25401114676574904,0.23327571305099395,0.03267070008643042,0.03297320902347564,0.13297320902347565,,,,0.14716103672981262,0.20431286096572876,,,,0.006107275624004248,0.05769616737961769,0.04429558813571932,0.1442955881357193,,,,False,2.1890598246768294,0.020660392940044403,0.26020196080207825,0.3172605713477252,0.0008590340614318404,0.06827508212827971,0.16471571906354515,0.13029865125240847,0.020712909441233142,0.02449422180652619,0.07550577819347382,0.1448795199394226,0.19193416833877563,0.007633587786259542,0.05648494511842728,0.02363519519567492,0.1236351951956749,2.042915775418811
-0.0011181533336639404,param,-0.0015913699065996934,symmetric_expand,"{""lower_scale"": 1.15, ""upper_scale"": 1.15}",-0.19433909497535679,tide_s104_q10q90_param,ai\artifacts\checkpoints\tide_1W_tide-1W-5cdb93850dfe.pt,0.02853870391845703,,-0.09824034523584854,59.499,"{""2024_12"": false, ""2025_04"": false, ""2026_02"": false}",,,tide,"{""event_count_unit"": ""horizon_point"", ""test_event_counts"": {""lower_event_points"": 3608, ""total_event_points"": 8047, ""total_target_points"": 48060, ""upper_event_points"": 4439}, ""train_event_counts"": {""lower_event_points"": 60264, ""total_event_points"": 120528, ""total_target_points"": 602640, ""upper_event_points"": 60264}, ""train_quantile_high"": 0.08469695970416065, ""train_quantile_low"": -0.06878716051578522, ""val_event_counts"": {""lower_event_points"": 2607, ""total_event_points"": 4673, ""total_target_points"": 24920, ""upper_event_points"": 2066}}",fold_2,,,-0.008073244243860245,tide,0.0034759044647216797,q10_q90,tide-1W-5cdb93850dfe,7,,104,"{""excluded_tickers_for_fold_count"": 0, ""excluded_tickers_for_fold_sample_counts"": {}, ""fold"": {""fold_id"": ""fold_2"", ""test_end"": ""2025-11-01"", ""test_start"": ""2025-05-01"", ""train_end"": ""2024-11-01"", ""train_start"": ""2016-02-19"", ""val_end"": ""2025-05-01"", ""val_start"": ""2024-11-01""}, ""h_max_gap"": 12, ""overlap"": {""train_test"": 0, ""train_val"": 0, ""val_test"": 0}, ""test_samples"": 12015, ""train_samples"": 150660, ""val_samples"": 6230}",stage5_true_wf,PASS,0.2732692360877991,,,,0.3217901203314678,,,,0.034477722644805864,,,,0.024233679852088713,,,,0.13414055080721748,0.1121005326231691,0.009946728816380888,0.0389721192419529,0.061027880758047104,,,,0.1640283763408661,0.22420018911361694,,,,0.004,0.056210894137620926,0.004494385421276115,0.10449438542127609,,,,False,2.1768087669544003,-0.020465485751628876,0.274387389421463,0.3233814902380675,0.0059390187263488325,0.12247402508793725,0.136999674585096,0.12656500802568219,0.011637239165329053,0.030898874998092657,0.06910112500190735,0.1640283763408661,0.22072428464889526,0.0030091859360152043,0.06287599354982376,0.02495987117290499,0.12495987117290497,1.9733565841844525
0.07377257943153381,param,0.026710231984076904,raw,{},-0.1828201981031465,tide_s104_q10q90_param,ai\artifacts\checkpoints\tide_1W_tide-1W-62eb142539d7.pt,0.06680998802185067,,0.08175733744732176,63.598,"{""2024_12"": false, ""2025_04"": false, ""2026_02"": true}",,,tide,"{""event_count_unit"": ""horizon_point"", ""test_event_counts"": {""lower_event_points"": 4861, ""total_event_points"": 10019, ""total_target_points"": 40940, ""upper_event_points"": 5158}, ""train_event_counts"": {""lower_event_points"": 64892, ""total_event_points"": 129784, ""total_target_points"": 648920, ""upper_event_points"": 64892}, ""train_quantile_high"": 0.08427113667130468, ""train_quantile_low"": -0.06829248368740082, ""val_event_counts"": {""lower_event_points"": 1562, ""total_event_points"": 4402, ""total_target_points"": 26700, ""upper_event_points"": 2840}}",fold_3,,,0.03599413484334946,tide,0.009503483772277832,q10_q90,tide-1W-62eb142539d7,7,,104,"{""excluded_tickers_for_fold_count"": 0, ""excluded_tickers_for_fold_sample_counts"": {}, ""fold"": {""fold_id"": ""fold_3"", ""test_end"": ""2026-05-09"", ""test_start"": ""2025-11-01"", ""train_end"": ""2025-05-01"", ""train_start"": ""2016-02-19"", ""val_end"": ""2025-11-01"", ""val_start"": ""2025-05-01""}, ""h_max_gap"": 12, ""overlap"": {""train_test"": 0, ""train_val"": 0, ""val_test"": 0}, ""test_samples"": 10235, ""train_samples"": 162230, ""val_samples"": 6675}",stage5_true_wf,PASS,0.33962154388427734,,,,0.357316394300565,,,,0.06995605230331425,,,,0.05783286111752416,,,,0.25156669650850494,0.19871043376318875,0.030340042993941763,0.014533461630344385,0.11453346163034439,,,,0.14716103672981262,0.20753031969070435,,,,0.008366568406450494,0.046356867998838425,0.05542256832122805,0.15542256832122803,,,,False,2.333868248561604,0.037107959389686584,0.26584896445274353,0.3306061623164881,0.0031460642814635786,-0.023924476329797602,0.19185360094451004,0.12994307968843619,0.027120167815403058,0.02146067321300507,0.07853932678699493,0.14716102182865143,0.1980268359184265,0.008889695210449928,0.05359477177262306,0.018314608931541465,0.11831460893154144,2.168513372326779
0.09523756802082062,param,0.022132166886173088,center_preserving_width_scale,"{""width_scale"": 0.9}",-0.2658035901285937,tcn_s104_q10q90_param,ai\artifacts\checkpoints\tcn_quantile_1W_tcn_quantile-1W-cc6963e89ee5.pt,-0.0057108044624327725,,0.07001187184856539,57.555,"{""2024_12"": true, ""2025_04"": true, ""2026_02"": false}",,,tcn_quantile,"{""event_count_unit"": ""horizon_point"", ""test_event_counts"": {""lower_event_points"": 6541, ""total_event_points"": 10930, ""total_target_points"": 46280, ""upper_event_points"": 4389}, ""train_event_counts"": {""lower_event_points"": 55637, ""total_event_points"": 111274, ""total_target_points"": 556368, ""upper_event_points"": 55637}, ""train_quantile_high"": 0.08552836701273918, ""train_quantile_low"": -0.06983453705906867, ""val_event_counts"": {""lower_event_points"": 1675, ""total_event_points"": 3594, ""total_target_points"": 24912, ""upper_event_points"": 1919}}",fold_1,,,0.07480259984731674,tcn_quantile,-0.009393766522407532,q10_q90,tcn_quantile-1W-cc6963e89ee5,123,,104,"{""excluded_tickers_for_fold_count"": 0, ""excluded_tickers_for_fold_sample_counts"": {}, ""fold"": {""fold_id"": ""fold_1"", ""test_end"": ""2025-05-01"", ""test_start"": ""2024-11-01"", ""train_end"": ""2024-05-01"", ""train_start"": ""2016-02-19"", ""val_end"": ""2024-11-01"", ""val_start"": ""2024-05-01""}, ""h_max_gap"": 12, ""overlap"": {""train_test"": 0, ""train_val"": 0, ""val_test"": 0}, ""test_samples"": 11570, ""train_samples"": 139092, ""val_samples"": 6228}",stage5_true_wf,PASS,0.32826152443885803,,,,0.3472277316719135,,,,0.050864326953887984,,,,0.14048636525057512,,,,0.27356020942408377,0.26283491789109764,0.020440795159896285,0.04163786172866821,0.1416378617286682,,,,0.1432071179151535,0.19574092328548431,,,,0.0033634271552487167,0.057220425456762314,0.009226450324058555,0.10922645032405853,,,,False,2.1858752759178084,0.032636858522892,0.23302395641803741,0.3250955647857404,0.056575131416320756,0.07047449340200973,0.1524526198439242,0.12821130378933848,0.005459216441875401,0.033164738118648535,0.06683526188135147,0.14775300025939941,0.20513468980789185,0.0016963528413910093,0.05604437738656998,0.023410408198833443,0.07658959180116653,2.08554588907027
-0.0048361122608184814,param,0.005187289996279543,center_preserving_width_scale,"{""width_scale"": 0.9}",-0.15095935271280803,tcn_s104_q10q90_param,ai\artifacts\checkpoints\tcn_quantile_1W_tcn_quantile-1W-efa1fdaffa0a.pt,0.009288990497589023,,-0.10195576840878001,61.935,"{""2024_12"": false, ""2025_04"": false, ""2026_02"": false}",,,tcn_quantile,"{""event_count_unit"": ""horizon_point"", ""test_event_counts"": {""lower_event_points"": 3608, ""total_event_points"": 8047, ""total_target_points"": 48060, ""upper_event_points"": 4439}, ""train_event_counts"": {""lower_event_points"": 60264, ""total_event_points"": 120528, ""total_target_points"": 602640, ""upper_event_points"": 60264}, ""train_quantile_high"": 0.08469695970416065, ""train_quantile_low"": -0.06878716051578522, ""val_event_counts"": {""lower_event_points"": 2607, ""total_event_points"": 4673, ""total_target_points"": 24920, ""upper_event_points"": 2066}}",fold_2,,,-0.03016764670610428,tcn_quantile,0.012046083807945251,q10_q90,tcn_quantile-1W-efa1fdaffa0a,123,,104,"{""excluded_tickers_for_fold_count"": 0, ""excluded_tickers_for_fold_sample_counts"": {}, ""fold"": {""fold_id"": ""fold_2"", ""test_end"": ""2025-11-01"", ""test_start"": ""2025-05-01"", ""train_end"": ""2024-11-01"", ""train_start"": ""2016-02-19"", ""val_end"": ""2025-05-01"", ""val_start"": ""2024-11-01""}, ""h_max_gap"": 12, ""overlap"": {""train_test"": 0, ""train_val"": 0, ""val_test"": 0}, ""test_samples"": 12015, ""train_samples"": 150660, ""val_samples"": 6230}",stage5_true_wf,PASS,0.2541387975215912,,,,0.3339358329244985,,,,0.021327507495880083,,,,0.02177417909121873,,,,0.1852801519468186,0.15575066577896138,0.009905110704178459,0.017166039347648626,0.08283396065235138,,,,0.14098688960075378,0.19882337749004364,,,,0.002925925925925926,0.05654732137918472,0.004161468148231484,0.0958385318517685,,,,False,2.272378274272571,-0.003198385238647461,0.25897490978240967,0.328748542928219,0.01203851699829106,0.12372994749999874,0.2266514806378132,0.21091492776886037,0.015088282504012842,0.013001607358455652,0.11300160735845566,0.13880109786987305,0.1867772936820984,0.0023756731073804245,0.061941858381032944,0.0009630829095840232,0.09903691709041595,2.02418140818457
0.08655889332294464,param,0.032598930062194886,center_preserving_width_scale,"{""width_scale"": 0.9}",-0.20532001261057753,tcn_s104_q10q90_param,ai\artifacts\checkpoints\tcn_quantile_1W_tcn_quantile-1W-407cfef8ba23.pt,0.058838939666748136,,0.09093101820039164,66.632,"{""2024_12"": false, ""2025_04"": false, ""2026_02"": true}",,,tcn_quantile,"{""event_count_unit"": ""horizon_point"", ""test_event_counts"": {""lower_event_points"": 4861, ""total_event_points"": 10019, ""total_target_points"": 40940, ""upper_event_points"": 5158}, ""train_event_counts"": {""lower_event_points"": 64892, ""total_event_points"": 129784, ""total_target_points"": 648920, ""upper_event_points"": 64892}, ""train_quantile_high"": 0.08427113667130468, ""train_quantile_low"": -0.06829248368740082, ""val_event_counts"": {""lower_event_points"": 1562, ""total_event_points"": 4402, ""total_target_points"": 26700, ""upper_event_points"": 2840}}",fold_3,,,0.06091026961803436,tcn_quantile,0.006213471293449402,q10_q90,tcn_quantile-1W-407cfef8ba23,123,,104,"{""excluded_tickers_for_fold_count"": 0, ""excluded_tickers_for_fold_sample_counts"": {}, ""fold"": {""fold_id"": ""fold_3"", ""test_end"": ""2026-05-09"", ""test_start"": ""2025-11-01"", ""train_end"": ""2025-05-01"", ""train_start"": ""2016-02-19"", ""val_end"": ""2025-11-01"", ""val_start"": ""2025-05-01""}, ""h_max_gap"": 12, ""overlap"": {""train_test"": 0, ""train_val"": 0, ""val_test"": 0}, ""test_samples"": 10235, ""train_samples"": 162230, ""val_samples"": 6675}",stage5_true_wf,PASS,0.3298669755458832,,,,0.37065446790189294,,,,0.0747191190719605,,,,0.06438588752469887,,,,0.2942591763652641,0.23632278233685033,0.025552081297635334,0.030947723984718317,0.13094772398471832,,,,0.13880109786987305,0.20195439457893372,,,,0.004421709727761401,0.04236304387450218,0.043771380186080955,0.14377138018608093,,,,False,2.4133528407812013,0.029688984155654907,0.24330808222293854,0.33805553783969805,0.015880179405212358,-0.026545130675692766,0.1790633608815427,0.12762133013780708,0.012436320047947258,0.029962545633316046,0.07003745436668396,0.13664919137954712,0.19574092328548431,0.003023705853894533,0.05366033688187599,0.014082396030426048,0.11408239603042603,2.2231711261885665
0.09425106644630432,direct,0.027682533906942752,raw,{},-0.14789397295990497,cnn_s104_q10q90_direct,ai\artifacts\checkpoints\cnn_lstm_1W_cnn_lstm-1W-081feca97fcd.pt,0.09517735242843628,,0.042521450913514044,171.141,"{""2024_12"": true, ""2025_04"": true, ""2026_02"": false}",,,cnn_lstm,"{""event_count_unit"": ""horizon_point"", ""test_event_counts"": {""lower_event_points"": 6541, ""total_event_points"": 10930, ""total_target_points"": 46280, ""upper_event_points"": 4389}, ""train_event_counts"": {""lower_event_points"": 55637, ""total_event_points"": 111274, ""total_target_points"": 556368, ""upper_event_points"": 55637}, ""train_quantile_high"": 0.08552836701273918, ""train_quantile_low"": -0.06983453705906867, ""val_event_counts"": {""lower_event_points"": 1675, ""total_event_points"": 3594, ""total_target_points"": 24912, ""upper_event_points"": 1919}}",fold_1,,,0.07855500280857086,cnn_lstm,0.002625375986099243,q10_q90,cnn_lstm-1W-081feca97fcd,123,,104,"{""excluded_tickers_for_fold_count"": 0, ""excluded_tickers_for_fold_sample_counts"": {}, ""fold"": {""fold_id"": ""fold_1"", ""test_end"": ""2025-05-01"", ""test_start"": ""2024-11-01"", ""train_end"": ""2024-05-01"", ""train_start"": ""2016-02-19"", ""val_end"": ""2024-11-01"", ""val_start"": ""2024-05-01""}, ""h_max_gap"": 12, ""overlap"": {""train_test"": 0, ""train_val"": 0, ""val_test"": 0}, ""test_samples"": 11570, ""train_samples"": 139092, ""val_samples"": 6228}",stage5_true_wf,PASS,0.3326779305934906,,,,0.3254041503555299,,,,0.10054020881652836,,,,0.13119209896304554,,,,0.30619827731802063,0.2766637856525497,0.04044943820224719,0.05855661034584045,0.15855661034584045,,,,0.12940840423107147,0.2095414400100708,,,,0.0038059833598867057,0.06298617273569107,0.041983583569526695,0.14198358356952667,,,,False,2.1489579029625467,0.016622304916381836,0.23842686414718628,0.29772161644858713,0.005362856388092085,0.0886706480495315,0.18273875882571536,0.14378612716763006,0.01621708413615928,0.019998392462730413,0.08000160753726959,0.12824931740760803,0.20691606402397156,0.0018377155781735934,0.07324904948472977,0.02536127865314486,0.12536127865314484,1.9894652591218642
0.00018164515495300293,direct,0.021579618292571934,symmetric_expand,"{""lower_scale"": 1.05, ""upper_scale"": 1.05}",-0.12339116119787977,cnn_s104_q10q90_direct,ai\artifacts\checkpoints\cnn_lstm_1W_cnn_lstm-1W-caa6f72d2450.pt,0.03676208257675162,,-0.10458200355857278,184.442,"{""2024_12"": false, ""2025_04"": false, ""2026_02"": false}",,,cnn_lstm,"{""event_count_unit"": ""horizon_point"", ""test_event_counts"": {""lower_event_points"": 3608, ""total_event_points"": 8047, ""total_target_points"": 48060, ""upper_event_points"": 4439}, ""train_event_counts"": {""lower_event_points"": 60264, ""total_event_points"": 120528, ""total_target_points"": 602640, ""upper_event_points"": 60264}, ""train_quantile_high"": 0.08469695970416065, ""train_quantile_low"": -0.06878716051578522, ""val_event_counts"": {""lower_event_points"": 2607, ""total_event_points"": 4673, ""total_target_points"": 24920, ""upper_event_points"": 2066}}",fold_2,,,-0.0353873148560524,cnn_lstm,0.017087340354919434,q10_q90,cnn_lstm-1W-caa6f72d2450,123,,104,"{""excluded_tickers_for_fold_count"": 0, ""excluded_tickers_for_fold_sample_counts"": {}, ""fold"": {""fold_id"": ""fold_2"", ""test_end"": ""2025-11-01"", ""test_start"": ""2025-05-01"", ""train_end"": ""2024-11-01"", ""train_start"": ""2016-02-19"", ""val_end"": ""2025-05-01"", ""val_start"": ""2024-11-01""}, ""h_max_gap"": 12, ""overlap"": {""train_test"": 0, ""train_val"": 0, ""val_test"": 0}, ""test_samples"": 12015, ""train_samples"": 150660, ""val_samples"": 6230}",stage5_true_wf,PASS,0.2508852779865265,,,,0.3545021278859145,,,,0.0388888835906982,,,,0.019218296184831382,,,,0.1472934472934473,0.12275299600532623,0.009031130347927418,0.03410320580005646,0.06589679419994354,,,,0.14851239323616028,0.23808526992797852,,,,0.0024074074074074076,0.046712443232536316,0.004785685241222359,0.09521431475877762,,,,False,2.360956536494284,-0.0056283846497535706,0.2507036328315735,0.3329225095933426,0.0021268010139465776,0.12380029974340416,0.20289619264562317,0.18603531300160514,0.01653290529695024,0.0012841090559959356,0.10128410905599594,0.1392303705215454,0.22099792957305908,0.0023756731073804245,0.05337078496813774,0.0008426994085312112,0.10084269940853119,2.0769580558324803
0.07895171642303467,direct,-0.005894505497764102,raw,{},-0.19038038027432605,cnn_s104_q10q90_direct,ai\artifacts\checkpoints\cnn_lstm_1W_cnn_lstm-1W-16a0178a9eff.pt,0.07731801271438599,,0.09918796397760118,197.793,"{""2024_12"": false, ""2025_04"": false, ""2026_02"": true}",,,cnn_lstm,"{""event_count_unit"": ""horizon_point"", ""test_event_counts"": {""lower_event_points"": 4861, ""total_event_points"": 10019, ""total_target_points"": 40940, ""upper_event_points"": 5158}, ""train_event_counts"": {""lower_event_points"": 64892, ""total_event_points"": 129784, ""total_target_points"": 648920, ""upper_event_points"": 64892}, ""train_quantile_high"": 0.08427113667130468, ""train_quantile_low"": -0.06829248368740082, ""val_event_counts"": {""lower_event_points"": 1562, ""total_event_points"": 4402, ""total_target_points"": 26700, ""upper_event_points"": 2840}}",fold_3,,,0.05576127767562866,cnn_lstm,0.014600813388824463,q10_q90,cnn_lstm-1W-16a0178a9eff,123,,104,"{""excluded_tickers_for_fold_count"": 0, ""excluded_tickers_for_fold_sample_counts"": {}, ""fold"": {""fold_id"": ""fold_3"", ""test_end"": ""2026-05-09"", ""test_start"": ""2025-11-01"", ""train_end"": ""2025-05-01"", ""train_start"": ""2016-02-19"", ""val_end"": ""2025-11-01"", ""val_start"": ""2025-05-01""}, ""h_max_gap"": 12, ""overlap"": {""train_test"": 0, ""train_val"": 0, ""val_test"": 0}, ""test_samples"": 10235, ""train_samples"": 162230, ""val_samples"": 6675}",stage5_true_wf,PASS,0.32384005188941956,,,,0.3597424624048574,,,,0.08473377227783208,,,,0.07119260788363606,,,,0.27613025962399285,0.21639312231340369,0.02911862419386359,0.022765019536018366,0.12276501953601837,,,,0.1346321403980255,0.2315276861190796,,,,0.0039448586786890935,0.043722521513700485,0.06196873784065249,0.16196873784065247,,,,False,2.349291128429936,0.021556749939918518,0.2448883354663849,0.3656369679026215,0.007415759563446089,-0.02799535609396513,0.16971664698937428,0.1176602756141402,0.016332034761762062,0.032996258139610296,0.06700374186038971,0.1323230266571045,0.21692687273025513,0.0038703434929850023,0.046254683285951614,0.04041198790073397,0.14041198790073395,2.3072796653996845
0.061805546283721924,param,0.037067268651308716,center_preserving_width_scale,"{""width_scale"": 1.1}",-0.20451963925199623,tide_s104_q10q90_param,ai\artifacts\checkpoints\tide_1W_tide-1W-6c3d0e971176.pt,0.05876228809356698,,0.07911489848192241,54.886,"{""2024_12"": true, ""2025_04"": true, ""2026_02"": false}",,,tide,"{""event_count_unit"": ""horizon_point"", ""test_event_counts"": {""lower_event_points"": 6541, ""total_event_points"": 10930, ""total_target_points"": 46280, ""upper_event_points"": 4389}, ""train_event_counts"": {""lower_event_points"": 55637, ""total_event_points"": 111274, ""total_target_points"": 556368, ""upper_event_points"": 55637}, ""train_quantile_high"": 0.08552836701273918, ""train_quantile_low"": -0.06983453705906867, ""val_event_counts"": {""lower_event_points"": 1675, ""total_event_points"": 3594, ""total_target_points"": 24912, ""upper_event_points"": 1919}}",fold_1,,,0.038335368037223816,tide,0.016627967357635498,q10_q90,tide-1W-6c3d0e971176,123,,104,"{""excluded_tickers_for_fold_count"": 0, ""excluded_tickers_for_fold_sample_counts"": {}, ""fold"": {""fold_id"": ""fold_1"", ""test_end"": ""2025-05-01"", ""test_start"": ""2024-11-01"", ""train_end"": ""2024-05-01"", ""train_start"": ""2016-02-19"", ""val_end"": ""2024-11-01"", ""val_start"": ""2024-05-01""}, ""h_max_gap"": 12, ""overlap"": {""train_test"": 0, ""train_val"": 0, ""val_test"": 0}, ""test_samples"": 11570, ""train_samples"": 139092, ""val_samples"": 6228}",stage5_true_wf,PASS,0.3253514766693115,,,,0.3558729956563213,,,,0.06054453849792485,,,,0.13832458739029607,,,,0.1824860665428137,0.17614520311149526,0.01348314606741573,0.005185826122760778,0.09481417387723923,,,,0.15936747193336487,0.22125983238220215,,,,0.0029208709506107276,0.05518651008605957,0.06573034226894381,0.1657303422689438,,,,False,2.213370460727514,0.0239914208650589,0.2635459303855896,0.3188057270050126,0.0017822504043578657,0.05920968890837367,0.12356001486436269,0.10011239563262685,0.012845215157353885,0.043521194159984594,0.05647880584001541,0.1544642448425293,0.20463186502456665,0.005442465366129488,0.05928698182106018,0.04173892140388491,0.1417389214038849,1.9968334443883962
-0.0018400847911834717,param,0.009633325145522398,center_preserving_width_scale,"{""width_scale"": 1.1}",-0.17849709247016687,tide_s104_q10q90_param,ai\artifacts\checkpoints\tide_1W_tide-1W-93f6f2db816e.pt,0.013456368446350009,,-0.08306894317244762,59.969,"{""2024_12"": false, ""2025_04"": false, ""2026_02"": false}",,,tide,"{""event_count_unit"": ""horizon_point"", ""test_event_counts"": {""lower_event_points"": 3608, ""total_event_points"": 8047, ""total_target_points"": 48060, ""upper_event_points"": 4439}, ""train_event_counts"": {""lower_event_points"": 60264, ""total_event_points"": 120528, ""total_target_points"": 602640, ""upper_event_points"": 60264}, ""train_quantile_high"": 0.08469695970416065, ""train_quantile_low"": -0.06878716051578522, ""val_event_counts"": {""lower_event_points"": 2607, ""total_event_points"": 4673, ""total_target_points"": 24920, ""upper_event_points"": 2066}}",fold_2,,,0.001404501497745514,tide,0.0033771395683288574,q10_q90,tide-1W-93f6f2db816e,123,,104,"{""excluded_tickers_for_fold_count"": 0, ""excluded_tickers_for_fold_sample_counts"": {}, ""fold"": {""fold_id"": ""fold_2"", ""test_end"": ""2025-11-01"", ""test_start"": ""2025-05-01"", ""train_end"": ""2024-11-01"", ""train_start"": ""2016-02-19"", ""val_end"": ""2025-05-01"", ""val_start"": ""2024-11-01""}, ""h_max_gap"": 12, ""overlap"": {""train_test"": 0, ""train_val"": 0, ""val_test"": 0}, ""test_samples"": 12015, ""train_samples"": 150660, ""val_samples"": 6230}",stage5_true_wf,PASS,0.2802514433860779,,,,0.3244872016713251,,,,0.02397001981735225,,,,0.03779744443998093,,,,0.19838556505223173,0.15358688415446073,0.029548859663725655,0.008426962792873388,0.09157303720712662,,,,0.15689672529697418,0.21782951056957245,,,,0.00825925925925926,0.05593325197696686,0.015543071925640084,0.0844569280743599,,,,False,2.1696820782322366,-0.035888172686100006,0.28209152817726135,0.3148538765258027,0.010513651371002242,0.12086638761242856,0.17889684347543117,0.16147672552166933,0.01886035313001605,0.009831464290618902,0.0901685357093811,0.156896710395813,0.2144523710012436,0.003801076971808679,0.06452897936105728,0.020345100760459922,0.1203451007604599,1.938733226393199
0.07009512186050415,param,0.02750227958708612,lower_focused,"{""lower_scale"": 1.05, ""upper_scale"": 1.0}",-0.1804786268420815,tide_s104_q10q90_param,ai\artifacts\checkpoints\tide_1W_tide-1W-f0d17c620fa3.pt,0.055976271629333496,,0.05982625859785695,63.768,"{""2024_12"": false, ""2025_04"": false, ""2026_02"": true}",,,tide,"{""event_count_unit"": ""horizon_point"", ""test_event_counts"": {""lower_event_points"": 4861, ""total_event_points"": 10019, ""total_target_points"": 40940, ""upper_event_points"": 5158}, ""train_event_counts"": {""lower_event_points"": 64892, ""total_event_points"": 129784, ""total_target_points"": 648920, ""upper_event_points"": 64892}, ""train_quantile_high"": 0.08427113667130468, ""train_quantile_low"": -0.06829248368740082, ""val_event_counts"": {""lower_event_points"": 1562, ""total_event_points"": 4402, ""total_target_points"": 26700, ""upper_event_points"": 2840}}",fold_3,,,0.03667318820953369,tide,0.01598605513572693,q10_q90,tide-1W-f0d17c620fa3,123,,104,"{""excluded_tickers_for_fold_count"": 0, ""excluded_tickers_for_fold_sample_counts"": {}, ""fold"": {""fold_id"": ""fold_3"", ""test_end"": ""2026-05-09"", ""test_start"": ""2025-11-01"", ""train_end"": ""2025-05-01"", ""train_start"": ""2016-02-19"", ""val_end"": ""2025-11-01"", ""val_start"": ""2025-05-01""}, ""h_max_gap"": 12, ""overlap"": {""train_test"": 0, ""train_val"": 0, ""val_test"": 0}, ""test_samples"": 10235, ""train_samples"": 162230, ""val_samples"": 6675}",stage5_true_wf,PASS,0.3413419723510742,,,,0.3558602641958872,,,,0.05859797000885014,,,,0.05277016378698255,,,,0.2847470904207699,0.21737006643220008,0.0460719171389486,0.031729364395141596,0.1317293643951416,,,,0.15084005892276764,0.21271857619285583,,,,0.013178428992543784,0.04243873432278633,0.026868590712547324,0.1268685907125473,,,,False,2.3394836664938734,0.01930304616689682,0.27124685049057007,0.32835798460880106,0.002621698379516646,-0.0070560948108743995,0.22589531680440772,0.1426003594967046,0.04749775247228049,0.004943823814392095,0.09505617618560791,0.14619921147823334,0.1967325210571289,0.01463473633284954,0.057322483509778976,0.007565544545650504,0.10756554454565048,2.1580869389829407
,,,,,,cnn_s104_q10q90_direct,,,research_reserve_true_wf,,,,,,,,,"fold_1,fold_2,fold_3",9,,,,,,,"123,42,7",,,stage5_summary,,,0.2979829013347626,0.03526359583491588,0.3326779305934906,,0.3576144139038203,0.021209040425285902,0.3254041503555299,,0.06666669845581057,0.024940200271655746,0.10054020881652836,,0.07733563262156957,0.053103377454426746,0.019218296184831382,,,,,,0.11397015303373337,0.036910407931181645,0.15855661034584045,,,0.22639254728953043,0.01219549648724691,0.23854494094848633,,,,,0.12456504669454363,0.03140915812280174,0.16453346610069275,,,,,,,,,,,,,,,,,,,
,,,,,,tcn_s104_q10q90_param,,,research_reserve_true_wf,,,,,,,,,"fold_1,fold_2,fold_3",9,,,,,,,"123,42,7",,,stage5_summary,,,0.30233187476793927,0.037688900936041075,0.32989105582237244,,0.3495615030406277,0.017352382458157515,0.3280629926805023,,0.05412916607326933,0.022050678727997163,0.08514897823333745,,0.07650448778107583,0.05036644331202811,0.02177417909121873,,,,,,0.11520668864250183,0.030581885036519284,0.14258858561515808,,,0.20023423764440748,0.007234986590305235,0.21411803364753723,,,,,0.11897056715355979,0.02412307905515014,0.15693698823451996,,,,,,,,,,,,,,,,,,,
,,,,,,tide_s104_q10q90_param,,,research_reserve_true_wf,,,,,,,,,"fold_1,fold_2,fold_3",9,,,,,,,"123,42,7",,,stage5_summary,,,0.318997581799825,0.03095064818996175,0.34737032651901245,,0.3461292685820964,0.01754157504995923,0.3217901203314678,,0.056390466954973024,0.018722058037103195,0.07726882696151738,,0.07632653485487301,0.05053882175814079,0.024233679852088713,,,,,,0.10960549240310986,0.027537308797767123,0.15246327221393585,,,0.21536328395207724,0.010062697952969048,0.23495978116989136,,,,,0.1245812475681305,0.03505982541083605,0.1657303422689438,,,,,,,,,,,,,,,,,,,
